product_code;pt;en
IAC0120;CANDEEIRO LUCE;LAMP LUCE
IAC0121;CANDEEIRO LUCE;LAMP LUCE
IAC0122;CANDEEIRO NIDO P;LAMP NIDO P
IAC0123;CANDEEIRO NIDO G;LAMP NIDO G
IAC0124;CANDEEIRO DE PÉ RAGGIO;FLOOR LAMP RAGGIO
IAC0125;CANDEEIRO DE PÉ RAGGIO;FLOOR LAMP RAGGIO
IAC0126;CANDEEIRO SOLE P;LAMP SOLE P
IAC0127;CANDEEIRO SOLE G;LAMP SOLE G
IAC0128;CANDEEIRO DE PÉ STELLA;FLOOR LAMP STELLA
IAC0129;CANDEEIRO DE PÉ STELLA;FLOOR LAMP STELLA
IAC0130;CANDEEIRO TANA G;LAMP TANA G
IAC0131;CANDEEIRO TANA P;LAMP TANA P
IBQ0014;BANCO ALTO LOTUS SEM BRAÇOS;BAR STOOL LOTUS WITHOUT ARMS
IBQ0015;BANCO ALTO LOTUS SEM BRAÇOS;BAR STOOL LOTUS WITHOUT ARMS
IBQ0016;BANCO ALTO MYKONOS SEM BRAÇOS;BAR STOOL MYKONOS WITHOUT ARMS
IBQ0017;BANCO ALTO MYKONOS SEM BRAÇOS;BAR STOOL MYKONOS WITHOUT ARMS
ICC0002;CARRINHO DE BAR CAPRI;BAR TROLLEY CAPRI
ICC0003;CARRINHO DE BAR AREZZO;BAR TROLLEY AREZZO
ICD0001;CADEIRA MIRAMAR COM BRAÇOS;CHAIR MIRAMAR WITH ARMS
ICD0002;CADEIRA MIRAMAR COM BRAÇOS;CHAIR MIRAMAR WITH ARMS
ICD0003;CADEIRA MIRAMAR COM BRAÇOS;CHAIR MIRAMAR WITH ARMS
ICD0004;CADEIRA GENOVA COM BRAÇOS EM TEKA POLYWOOD;CHAIR GENOVA WITH ARMS IN TEAK POLYWOOD
ICD0005;CADEIRA GENOVA COM BRAÇOS EM TEKA POLYWOOD;CHAIR GENOVA WITH ARMS IN TEAK POLYWOOD
ICD0006;CADEIRA GENOVA COM BRAÇOS EM TEKA POLYWOOD;CHAIR GENOVA WITH ARMS IN TEAK POLYWOOD
ICD0007;CADEIRA ORLEANS COM BRAÇOS;CHAIR ORLEANS WITH ARMS
ICD0008;CADEIRA ORLEANS COM BRAÇOS;CHAIR ORLEANS WITH ARMS
ICD0009;CADEIRA ORLEANS COM BRAÇOS;CHAIR ORLEANS WITH ARMS
ICD0066;CADEIRA ORLEANS COM BRAÇOS;CHAIR ORLEANS WITH ARMS
ICD0070;CADEIRA ORLEANS COM BRAÇOS;CHAIR ORLEANS WITH ARMS
ICD0102;CADEIRA YORK;CHAIR YORK
ICD0105;CADEIRA RAVELLO COM BRAÇOS (DESMONTADA);CHAIR RAVELLO WITH ARMS (UNASSEMBLED)
ICD0106;CADEIRA ALBA COM BRAÇOS EM TEKA;CHAIR ALBA WITH ARMS IN TEAK
ICD0107;CADEIRA ALBA COM BRAÇOS EM TEKA;CHAIR ALBA WITH ARMS IN TEAK
ICD0108;CADEIRA BERGAMO COM BRAÇOS;CHAIR BERGAMO WITH ARMS
ICD0109;CADEIRA BERGAMO COM BRAÇOS;CHAIR BERGAMO WITH ARMS
ICD0110;CADEIRA CANNES COM BRAÇOS;CHAIR CANNES WITH ARMS
ICD0111;CADEIRA CAPRI COM BRAÇOS;CHAIR CAPRI WITH ARMS
ICD0112;CADEIRA FIORI COM BRAÇOS;CHAIR FIORI WITH ARMS
ICD0113;CADEIRA FIORI COM BRAÇOS;CHAIR FIORI WITH ARMS
ICD0114;CADEIRA LINA COM BRAÇOS;CHAIR LINA WITH ARMS
ICD0115;CADEIRA LINA COM BRAÇOS;CHAIR LINA WITH ARMS
ICD0116;CADEIRA LOTUS SEM BRAÇOS;CHAIR LOTUS WITHOUT ARMS
ICD0117;CADEIRA LOTUS SEM BRAÇOS;CHAIR LOTUS WITHOUT ARMS
ICD0118;CADEIRA LOTUS COM BRAÇOS;CHAIR LOTUS WITH ARMS
ICD0119;CADEIRA LOTUS COM BRAÇOS;CHAIR LOTUS WITH ARMS
ICD0120;CADEIRA MYKONOS SEM BRAÇOS;CHAIR MYKONOS WITHOUT ARMS
ICD0121;CADEIRA MYKONOS SEM BRAÇOS;CHAIR MYKONOS WITHOUT ARMS
ICD0122;CADEIRA NOVARA COM BRAÇOS;CHAIR NOVARA WITH ARMS
ICD0123;CADEIRA NOVARA COM BRAÇOS;CHAIR NOVARA WITH ARMS
ICD0124;CADEIRA PISA COM BRAÇOS;CHAIR PISA WITH ARMS
ICL0001;CHAISE LONGUE CALISTRIA COM COBERTURA;CHAISE LONGUE CALISTRIA WITH CANOPY
ICS0001;CONJUNTO SEATTLE;FURNITURE SET SEATTLE
ICS0002;CONJUNTO SEATTLE;FURNITURE SET SEATTLE
ICS0009;CONJUNTO BELLAGIO;FURNITURE SET BELLAGIO
ICS0010;CONJUNTO CATENA;FURNITURE SET CATENA
ICS0011;CONJUNTO LUNA;FURNITURE SET LUNA
ICS0012;CONJUNTO MODENA;FURNITURE SET MODENA
IES0001;ESPREGUIÇADEIRA ORLEANS;SUN LOUNGER ORLEANS
IES0002;ESPREGUIÇADEIRA ORLEANS;SUN LOUNGER ORLEANS
IES0003;ESPREGUIÇADEIRA ORLEANS;SUN LOUNGER ORLEANS
IES0004;ESPREGUIÇADEIRA ORLEANS;SUN LOUNGER ORLEANS
IES0023;ESPREGUIÇADEIRA COPACABANA;SUN LOUNGER COPACABANA
IES0024;ESPREGUIÇADEIRA COPACABANA;SUN LOUNGER COPACABANA
IES0034;ESPREGUIÇADEIRA ORLEANS;SUN LOUNGER ORLEANS
IES0057;ESPREGUIÇADEIRA LONDON SEM BRAÇOS SEM RODAS;SUN LOUNGER LONDON WITHOUT ARMS WITHOUT WHEELS
IES0060;ESPREGUIÇADEIRA LONDON SEM BRAÇOS SEM RODAS;SUN LOUNGER LONDON WITHOUT ARMS WITHOUT WHEELS
IES0075;ESPREGUIÇADEIRA CAPRI SEM BRAÇOS;SUN LOUNGER CAPRI WITHOUT ARMS
IES0076;ESPREGUIÇADEIRA NÁPOLES COM RODAS;SUN LOUNGER NÁPOLES WITH WHEELS
IES0077;ESPREGUIÇADEIRA LONDON COM BRAÇOS SEM RODAS;SUN LOUNGER LONDON WITH ARMS WITHOUT WHEELS
IES0078;ESPREGUIÇADEIRA LONDON COM BRAÇOS SEM RODAS;SUN LOUNGER LONDON WITH ARMS WITHOUT WHEELS
IES0079;ESPREGUIÇADEIRA LONDON SEM BRAÇOS COM RODAS;SUN LOUNGER LONDON WITHOUT ARMS WITH WHEELS
IES0080;ESPREGUIÇADEIRA LONDON SEM BRAÇOS COM RODAS;SUN LOUNGER LONDON WITHOUT ARMS WITH WHEELS
IES0081;ESPREGUIÇADEIRA LONDON COM BRAÇOS COM RODAS;SUN LOUNGER LONDON WITH ARMS WITH WHEELS
IES0082;ESPREGUIÇADEIRA LONDON COM BRAÇOS COM RODAS;SUN LOUNGER LONDON WITH ARMS WITH WHEELS
IMC0047;MESA DE CENTRO NÁPOLES 0,90 X 0,90 X 0,40 H;COFFEE TABLE NÁPOLES 0.90 X 0.90 X 0.40 H
IMJ0001;MESA ASPEN REDONDA Ø 0,80 COM FURO;TABLE ASPEN ROUND Ø 0.80 WITH PARASOL HOLE
IMJ0002;MESA ASPEN REDONDA Ø 0,80 COM FURO;TABLE ASPEN ROUND Ø 0.80 WITH PARASOL HOLE
IMJ0003;MESA ASPEN REDONDA Ø 1,02 COM FURO;TABLE ASPEN ROUND Ø 1.02 WITH PARASOL HOLE
IMJ0004;MESA ASPEN REDONDA Ø 1,02 COM FURO;TABLE ASPEN ROUND Ø 1.02 WITH PARASOL HOLE
IMJ0005;MESA ASPEN REDONDA Ø 1,20 COM FURO;TABLE ASPEN ROUND Ø 1.20 WITH PARASOL HOLE
IMJ0006;MESA ASPEN REDONDA Ø 1,20 COM FURO;TABLE ASPEN ROUND Ø 1.20 WITH PARASOL HOLE
IMJ0007;MESA GEORGIA REDONDA Ø 1,10 COM FURO;TABLE GEORGIA ROUND Ø 1.10 WITH PARASOL HOLE
IMJ0008;MESA GEORGIA REDONDA Ø 1,10 COM FURO;TABLE GEORGIA ROUND Ø 1.10 WITH PARASOL HOLE
IMJ0009;MESA GEORGIA REDONDA Ø 1,50 COM FURO;TABLE GEORGIA ROUND Ø 1.50 WITH PARASOL HOLE
IMJ0010;MESA GEORGIA REDONDA Ø 1,50 COM FURO;TABLE GEORGIA ROUND Ø 1.50 WITH PARASOL HOLE
IMJ0035;MESA DE JANTAR MIRAMAR REDONDA SEM FURO;DINING TABLE MIRAMAR ROUND WITHOUT PARASOL HOLE
IMJ0092;MESA ASPEN REDONDA Ø 0,80 COM FURO;TABLE ASPEN ROUND Ø 0.80 WITH PARASOL HOLE
IMJ0094;MESA ASPEN REDONDA Ø 1,20 COM FURO;TABLE ASPEN ROUND Ø 1.20 WITH PARASOL HOLE
IMJ0097;MESA DE JANTAR BILBAO RETANGULAR SEM FURO;DINING TABLE BILBAO RECTANGULAR WITHOUT PARASOL HOLE
IMJ0108;MESA DE JANTAR MIRAMAR REDONDA SEM FURO;DINING TABLE MIRAMAR ROUND WITHOUT PARASOL HOLE
IMJ0160;MESA DE JANTAR BILBAO RETANGULAR SEM FURO;DINING TABLE BILBAO RECTANGULAR WITHOUT PARASOL HOLE
IMJ0173;MESA DE JANTAR MIRAMAR REDONDA SEM FURO;DINING TABLE MIRAMAR ROUND WITHOUT PARASOL HOLE
IMJ0187;MESA DE JANTAR BILBAO RETANGULAR SEM FURO;DINING TABLE BILBAO RECTANGULAR WITHOUT PARASOL HOLE
IMJ0191;MESA DE JANTAR ALBA 0,88 X 0,88 X 0,75 H;DINING TABLE ALBA 0.88 X 0.88 X 0.75 H
IMJ0192;MESA DE JANTAR ALBA 0,88 X 0,88 X 0,75 H;DINING TABLE ALBA 0.88 X 0.88 X 0.75 H
IMJ0193;MESA DE JANTAR BERGAMO 0,90 X 0,90 X 0,75 H;DINING TABLE BERGAMO 0.90 X 0.90 X 0.75 H
IMJ0194;MESA DE JANTAR FIORI REDONDA Ø 1,60 D X 0,75 H;DINING TABLE FIORI ROUND Ø 1.60 D X 0.75 H
IMJ0195;MESA DE JANTAR MYKONOS 2,40 X 1,10 X 0,75 H;DINING TABLE MYKONOS 2.40 X 1.10 X 0.75 H
IMJ0196;MESA DE JANTAR MYKONOS 2,40 X 1,10 X 0,75 H;DINING TABLE MYKONOS 2.40 X 1.10 X 0.75 H
IMJ0197;MESA DE JANTAR NÁPOLES 2,60 X 1,10 X 0,75 H;DINING TABLE NÁPOLES 2.60 X 1.10 X 0.75 H
IMJ0198;MESA DE JANTAR NOVARA REDONDA Ø 1,19 D X 0,76 H;DINING TABLE NOVARA ROUND Ø 1.19 D X 0.76 H
IMJ0199;MESA DE JANTAR PISA 2,20 X 1,00 X 0,76 H;DINING TABLE PISA 2.20 X 1.00 X 0.76 H
IML0001;MESA LATERAL ASPEN REDONDA Ø 0,52 SEM FURO;SIDE TABLE ASPEN ROUND Ø 0.52 WITHOUT PARASOL HOLE
IML0002;MESA LATERAL ASPEN REDONDA Ø 0,52 SEM FURO;SIDE TABLE ASPEN ROUND Ø 0.52 WITHOUT PARASOL HOLE
IML0005;MESA LATERAL ASPEN REDONDA Ø 0,52 SEM FURO;SIDE TABLE ASPEN ROUND Ø 0.52 WITHOUT PARASOL HOLE
IPF0011;PUFE LYON;POUF LYON
IPL0093;CADEIRÃO LONDON COM BRAÇOS;ARMCHAIR LONDON WITH ARMS
IPL0094;CADEIRÃO LONDON COM BRAÇOS;ARMCHAIR LONDON WITH ARMS
IPL0097;CADEIRÃO RAVELLO COM BRAÇOS (DESMONTADO);ARMCHAIR RAVELLO WITH ARMS (UNASSEMBLED)
IPL0098;CADEIRÃO AREZZO COM BRAÇOS;ARMCHAIR AREZZO WITH ARMS
IPL0099;CADEIRÃO AREZZO COM BRAÇOS;ARMCHAIR AREZZO WITH ARMS
IPL0100;CADEIRÃO GAIA COM BRAÇOS;ARMCHAIR GAIA WITH ARMS
IPL0101;CADEIRÃO LYON;ARMCHAIR LYON
IPL0102;CADEIRÃO NÁPOLES COM BRAÇOS;ARMCHAIR NÁPOLES WITH ARMS
IPL0103;CADEIRÃO PISA COM BRAÇOS;ARMCHAIR PISA WITH ARMS
IPL0104;CADEIRÃO VALÊNCIA SEM BRAÇOS;ARMCHAIR VALÊNCIA WITHOUT ARMS
ISF0101;SOFÁ LONDON 2 LUGARES COM BRAÇOS;SOFA LONDON 2-SEATER WITH ARMS
ISF0102;SOFÁ LONDON 2 LUGARES COM BRAÇOS;SOFA LONDON 2-SEATER WITH ARMS
ISF0107;SOFÁ RAVELLO 3 LUGARES COM BRAÇOS (DESMONTADO);SOFA RAVELLO 3-SEATER WITH ARMS (UNASSEMBLED)
ISF0108;SOFÁ NÁPOLES 3 LUGARES COM BRAÇOS;SOFA NÁPOLES 3-SEATER WITH ARMS
ISF0109;SOFÁ AREZZO 3 LUGARES COM BRAÇOS;SOFA AREZZO 3-SEATER WITH ARMS
ISF0110;SOFÁ AREZZO 3 LUGARES COM BRAÇOS;SOFA AREZZO 3-SEATER WITH ARMS
